[{"class":"br.edu.ifsp.pds.shadowstruggles.model.Effect",
"name":"Reconnect_Circuits",
"nameVisualization":"Reconectar Circuitos",
"energyCost":15,
"description":"Reconecta os circuitos danificados de todos os lutadores do tipo �RD� em campo, restaurando 30% da vitalidade de cada.",
"buyCost":0,
"duration":1.0,
"isImmediateEffect":true,
"isActivated":false,
"onFighter":false,
"Action":{"class":"br.edu.ifsp.pds.shadowstruggles.scripts.RecoveryAction"}},
{"class":"br.edu.ifsp.pds.shadowstruggles.model.Effect",
"name":"Mineralogy",
"nameVisualization":"Mineralogia",
"energyCost":25,
"description":"Por 2 minutos, habilita o uso de alquimia baseada em minerais.",
"buyCost":0,
"duration":0,
"isImmediateEffect":true,
"isActivated":true,
"onFighter":false,
"Action":{"class":"br.edu.ifsp.pds.shadowstruggles.scripts.MineralogyAction"}}
]
