[{"class":"br.edu.ifsp.pds.shadowstruggles.model.Effect",
"name":"Reconnect_Circuits",
"nameVisualization":"Reconnect Circuits",
"energyCost":15,
"description":"Reconnects the danified circuits of all �DR� fighters in the player's field, restoring 30% of their vitality.",
"buyCost":0,
"duration":1.0,
"isImmediateEffect":true,
"isActivated":false,
"onFighter":false,
"Action":{"class":"br.edu.ifsp.pds.shadowstruggles.scripts.RecoveryAction"}},
{"class":"br.edu.ifsp.pds.shadowstruggles.model.Effect",
"name":"Mineralogy",
"nameVisualization":"Mineralogy",
"energyCost":25,
"description":"For 2 minutes, enables the use of mineral-based alchemy.",
"buyCost":0,
"duration":0,
"isImmediateEffect":true,
"isActivated":true,
"onFighter":false,
"Action":{"class":"br.edu.ifsp.pds.shadowstruggles.scripts.MineralogyAction"}}
]