[{class:MenuText,
"returnToStart":"Return",
"continueGame":"Continue",
"newGame":"New Game",
"profile":"Profile",
"terminate":"Terminate Application",
"details":"View Details",
"campaign":"Campaign",
"freePlay":"Free Play",
"changeProfile": "Change profile",
"editDeck":"Edit Deck",
"shop": "Shop",
"victory":"Congratulations, you've won!",
"defeat":"You've lost, try again!",
"continueButton":"Continue",
"mainMenuButton":"Main Menu",
"returnToGame":"Return to Game",
"exit":"Exit to Title",
"checkCards": "Check Cards",
"configurations":"Settings",
"volume":"Volume",
"music":"Music",
"on":"On",
"off":"Off",
"buy":"Buy",
"sell":"Sell",
"packs":"Packs",
"cards":"Cards",
"extra":"Extra",
"languageSelection": "Select your language",
"retryButton":"Retry",
"practiceBattle":"Practice",
"newDeck":"New Deck"
}]